Barcode;15466115;;;;;;;
Product selection - please select 1 option;Yes;EatwellgxTM Plus;;;Yes;;;
;No;FitwellgxTM Plus;;;No;;;
;No;ImmuwellgxTM Plus;;;;;;
Name;mohamed;;;;;;;
ID Passport;1252151;;;;;;;
Nationality;tunisien;;;;;;;
Gender;homme;;;;;;;
Date of birth (DD/MM/YYYY);med@gmail,com;;;;;;;
Email address;;;;;;;;
Contact number;;;;;;;;
Physical Address;;;;;;;;
;;;;;;;;
Medical Questions;;;;;;;;
;;;;;;;;
Country of Origin;You;Your father;Your mother;;;;;
;;;;;;;;
Do you drink Alcohol?;;;;;;;;
Have you ever smoked?;;;;;;;;
Do you currently smoke?;;;;;;;;
Family medical history;You;Mother;Father;Child;;;;
Hypertension;;;;;;;;
Diabetes: Type I;;;;;;;;
Diabetes: Type II;;;;;;;;
Heart disease;;;;;;;;
Cholesterol;;;;;;;;
Family Cancer History;;;;;;;;
Breast cancer;;;;;;;;
Colon/rectal/colorectal cancer;;;;;;;;
Female reproductive cancer;;;;;;;;
Liver cancer;;;;;;;;
Lung cancer;;;;;;;;
Pancreatic cancer;;;;;;;;
Prostate cancer;;;;;;;;
Skin cancer;;;;;;;;
Reproductive history;;;;;;;;
Polycystic ovarian syndrome;;;;;;;;
Endometriosis;;;;;;;;
Problems falling pregnant;;;;;;;;
Past miscarriages;;;;;;;;
Currently pregnant;;;;;;;;
Menopausal;;;;;;;;
Post menopausal;;;;;;;;
